CUSTOMER_ID,CUSTOMER_NAME,START_DATE,END_DATE,IS_CURRENT
CG-12520,Claire Gute,2025-06-26,,true
DV-13045,Darrin Van Huff,2025-06-26,,true
SO-20335,Sean O'donnell,2025-06-26,,true
BH-11710,Brosina Hoffman,2025-06-26,,true
AA-10480,Andrew Allen,2025-06-26,,true
IM-15070,Irene Maddox,2025-06-26,,true
HP-14815,Harold Pawlan,2025-06-26,,true
PK-19075,Pete Kriz,2025-06-26,,true
AG-10270,Alejandro Grove,2025-06-26,,true
ZD-21925,Zuschuss Donatelli,2025-06-26,,true
KB-16585,Ken Black,2025-06-26,,true
SF-20065,Sandra Flanagan,2025-06-26,,true
EB-13870,Emily Burns,2025-06-26,,true
EH-13945,Eric Hoffmann,2025-06-26,,true
TB-21520,Tracy Blumstein,2025-06-26,,true
MA-17560,Matt Abelman,2025-06-26,,true
GH-14485,Gene Hale,2025-06-26,,true
SN-20710,Steve Nguyen,2025-06-26,,true
LC-16930,Linda Cazamias,2025-06-26,,true
RA-19885,Ruben Ausman,2025-06-26,,true
ES-14080,Erin Smith,2025-06-26,,true
ON-18715,Odella Nelson,2025-06-26,,true
PO-18865,Patrick O'donnell,2025-06-26,,true
LH-16900,Lena Hernandez,2025-06-26,,true
DP-13000,Darren Powers,2025-06-26,,true
JM-15265,Janet Molinari,2025-06-26,,true
TB-21055,Ted Butterfield,2025-06-26,,true
KM-16720,Kunst Miller,2025-06-26,,true
PS-18970,Paul Stevenson,2025-06-26,,true
BS-11590,Brendan Sweed,2025-06-26,,true
KD-16270,Karen Daniels,2025-06-26,,true
HM-14980,Henry Macallister,2025-06-26,,true
JE-15745,Joel Eaton,2025-06-26,,true
KB-16600,Ken Brennan,2025-06-26,,true
SC-20770,Stewart Carmichael,2025-06-26,,true
DN-13690,Duane Noonan,2025-06-26,,true
JC-16105,Julie Creighton,2025-06-26,,true
CS-12400,Christopher Schild,2025-06-26,,true
PG-18895,Paul Gonzalez,2025-06-26,,true
GM-14455,Gary Mitchum,2025-06-26,,true
JS-15685,Jim Sink,2025-06-26,,true
KB-16315,Karl Braun,2025-06-26,,true
RB-19705,Roger Barcio,2025-06-26,,true
PN-18775,Parhena Norris,2025-06-26,,true
KD-16345,Katherine Ducich,2025-06-26,,true
ER-13855,Elpida Rittenbach,2025-06-26,,true
RB-19465,Rick Bensley,2025-06-26,,true
GZ-14470,Gary Zandusky,2025-06-26,,true
LC-16870,Lena Cacioppo,2025-06-26,,true
JM-15250,Janet Martin,2025-06-26,,true
PA-19060,Pete Armstrong,2025-06-26,,true
CV-12805,Cynthia Voltz,2025-06-26,,true
CL-12565,Clay Ludtke,2025-06-26,,true
RC-19960,Ryan Crowe,2025-06-26,,true
DK-13090,Dave Kipp,2025-06-26,,true
GG-14650,Greg Guthrie,2025-06-26,,true
SC-20725,Steven Cartwright,2025-06-26,,true
AD-10180,Alan Dominguez,2025-06-26,,true
PF-19165,Philip Fox,2025-06-26,,true
TS-21610,Troy Staebel,2025-06-26,,true
LS-16975,Lindsay Shagiari,2025-06-26,,true
DW-13585,Dorothy Wardle,2025-06-26,,true
LC-16885,Lena Creighton,2025-06-26,,true
JD-15895,Jonathan Doherty,2025-06-26,,true
SH-19975,Sally Hughsby,2025-06-26,,true
SG-20080,Sandra Glassco,2025-06-26,,true
HA-14920,Helen Andreada,2025-06-26,,true
MG-17680,Maureen Gastineau,2025-06-26,,true
JE-16165,Justin Ellison,2025-06-26,,true
TW-21025,Tamara Willingham,2025-06-26,,true
SP-20650,Stephanie Phelps,2025-06-26,,true
NK-18490,Neil Knudson,2025-06-26,,true
DB-13060,Dave Brooks,2025-06-26,,true
NP-18670,Nora Paige,2025-06-26,,true
TT-21070,Ted Trevino,2025-06-26,,true
EM-13960,Eric Murdock,2025-06-26,,true
RD-19900,Ruben Dartt,2025-06-26,,true
MJ-17740,Max Jones,2025-06-26,,true
BM-11140,Becky Martin,2025-06-26,,true
CS-12130,Chad Sievert,2025-06-26,,true
JB-15400,Jennifer Braxton,2025-06-26,,true
SJ-20500,Shirley Jackson,2025-06-26,,true
JK-15640,Jim Kriz,2025-06-26,,true
DK-13150,David Kendrick,2025-06-26,,true
RM-19675,Robert Marley,2025-06-26,,true
SK-19990,Sally Knutson,2025-06-26,,true
FM-14290,Frank Merwin,2025-06-26,,true
AM-10360,Alice Mccarthy,2025-06-26,,true
MP-17470,Mark Packer,2025-06-26,,true
MZ-17515,Mary Zewe,2025-06-26,,true
CB-12025,Cassandra Brandow,2025-06-26,,true
VM-21685,Valerie Mitchum,2025-06-26,,true
FH-14365,Fred Hopkins,2025-06-26,,true
MB-17305,Maria Bertelson,2025-06-26,,true
BS-11755,Bruce Stewart,2025-06-26,,true
LC-17140,Logan Currie,2025-06-26,,true
HK-14890,Heather Kirkland,2025-06-26,,true
LE-16810,Laurel Elliston,2025-06-26,,true
JH-15985,Joseph Holt,2025-06-26,,true
MS-17980,Michael Stewart,2025-06-26,,true
VW-21775,Victoria Wilson,2025-06-26,,true
JH-15910,Jonathan Howell,2025-06-26,,true
JB-15925,Joni Blumstein,2025-06-26,,true
DS-13180,David Smith,2025-06-26,,true
VD-21670,Valerie Dominguez,2025-06-26,,true
EA-14035,Erin Ashbrook,2025-06-26,,true
DB-13120,David Bremer,2025-06-26,,true
KL-16645,Ken Lonsdale,2025-06-26,,true
DW-13480,Dianna Wilson,2025-06-26,,true
LH-17155,Logan Haushalter,2025-06-26,,true
KC-16540,Kelly Collister,2025-06-26,,true
DL-13315,Delfina Latchford,2025-06-26,,true
DR-12880,Dan Reichenbach,2025-06-26,,true
CC-12670,Craig Carreira,2025-06-26,,true
Dl-13600,Dorris Liebe,2025-06-26,,true
SB-20290,Sean Braxton,2025-06-26,,true
RC-19825,Roy Collins,2025-06-26,,true
AH-10210,Alan Hwang,2025-06-26,,true
CB-12535,Claudia Bergmann,2025-06-26,,true
CA-12310,Christine Abelman,2025-06-26,,true
KH-16690,Kristen Hastings,2025-06-26,,true
BB-10990,Barry Blumstein,2025-06-26,,true
AG-10495,Andrew Gjertsen,2025-06-26,,true
JO-15280,Jas O'carroll,2025-06-26,,true
AH-10195,Alan Haines,2025-06-26,,true
NZ-18565,Nick Zandusky,2025-06-26,,true
KL-16555,Kelly Lampkin,2025-06-26,,true
AS-10225,Alan Schoenberger,2025-06-26,,true
CR-12625,Corey Roper,2025-06-26,,true
SH-20395,Shahid Hopkins,2025-06-26,,true
BP-11185,Ben Peterman,2025-06-26,,true
TS-21205,Thomas Seio,2025-06-26,,true
AG-10525,Andy Gerbode,2025-06-26,,true
SP-20860,Sung Pak,2025-06-26,,true
NM-18445,Nathan Mautz,2025-06-26,,true
FA-14230,Frank Atkinson,2025-06-26,,true
GK-14620,Grace Kelly,2025-06-26,,true
DJ-13510,Don Jones,2025-06-26,,true
PO-18850,Patrick O'brill,2025-06-26,,true
JL-15850,John Lucas,2025-06-26,,true
DB-13615,Doug Bickford,2025-06-26,,true
AC-10420,Alyssa Crouse,2025-06-26,,true
CC-12550,Clay Cheatham,2025-06-26,,true
TD-20995,Tamara Dahlen,2025-06-26,,true
AB-10060,Adam Bellavance,2025-06-26,,true
JL-15505,Jeremy Lonsdale,2025-06-26,,true
VB-21745,Victoria Brennan,2025-06-26,,true
KW-16435,Katrina Willman,2025-06-26,,true
JD-16060,Julia Dunbar,2025-06-26,,true
MK-17905,Michael Kennedy,2025-06-26,,true
GT-14755,Guy Thornton,2025-06-26,,true
AG-10900,Arthur Gainer,2025-06-26,,true
MM-18280,Muhammed Macintyre,2025-06-26,,true
AR-10405,Allen Rosenblatt,2025-06-26,,true
RA-19915,Russell Applegate,2025-06-26,,true
AS-10285,Alejandro Savely,2025-06-26,,true
LA-16780,Laura Armstrong,2025-06-26,,true
DO-13435,Denny Ordway,2025-06-26,,true
DK-13225,Dean Katz,2025-06-26,,true
NG-18430,Nathan Gelder,2025-06-26,,true
MV-18190,Mike Vittorini,2025-06-26,,true
JG-15115,Jack Garza,2025-06-26,,true
BP-11095,Bart Pistole,2025-06-26,,true
VP-21730,Victor Preis,2025-06-26,,true
SS-20140,Saphhira Shifley,2025-06-26,,true
AG-10675,Anna Gayman,2025-06-26,,true
LF-17185,Luke Foster,2025-06-26,,true
RF-19840,Roy Französisch,2025-06-26,,true
KH-16510,Keith Herrera,2025-06-26,,true
KC-16675,Kimberly Carter,2025-06-26,,true
CJ-12010,Caroline Jumper,2025-06-26,,true
PB-19150,Philip Brown,2025-06-26,,true
MP-17965,Michael Paige,2025-06-26,,true
NF-18385,Natalie Fritzler,2025-06-26,,true
SD-20485,Shirley Daniels,2025-06-26,,true
KH-16630,Ken Heidel,2025-06-26,,true
RB-19795,Ross Baird,2025-06-26,,true
MK-18160,Mike Kennedy,2025-06-26,,true
PO-19180,Philisse Overcash,2025-06-26,,true
BB-11545,Brenda Bowman,2025-06-26,,true
TB-21595,Troy Blackwell,2025-06-26,,true
RB-19360,Raymond Buch,2025-06-26,,true
EB-13705,Ed Braxton,2025-06-26,,true
SC-20095,Sanjit Chand,2025-06-26,,true
TN-21040,Tanja Norvell,2025-06-26,,true
JS-15940,Joni Sundaresam,2025-06-26,,true
MH-17785,Maya Herman,2025-06-26,,true
JP-15520,Jeremy Pistek,2025-06-26,,true
JE-15475,Jeremy Ellison,2025-06-26,,true
JG-15805,John Grady,2025-06-26,,true
XP-21865,Xylona Preis,2025-06-26,,true
EM-14065,Erin Mull,2025-06-26,,true
MT-18070,Michelle Tran,2025-06-26,,true
SA-20830,Sue Ann Reed,2025-06-26,,true
CW-11905,Carl Weiss,2025-06-26,,true
AJ-10960,Astrea Jones,2025-06-26,,true
SS-20590,Sonia Sunley,2025-06-26,,true
RO-19780,Rose O'brian,2025-06-26,,true
MD-17350,Maribeth Dona,2025-06-26,,true
MY-17380,Maribeth Yedwab,2025-06-26,,true
CM-12385,Christopher Martinez,2025-06-26,,true
LS-17245,Lynn Smith,2025-06-26,,true
BN-11515,Bradley Nguyen,2025-06-26,,true
DB-13210,Dean Braden,2025-06-26,,true
MC-17605,Matt Connell,2025-06-26,,true
BD-11605,Brian Dahlen,2025-06-26,,true
PH-18790,Patricia Hirasaki,2025-06-26,,true
MG-18145,Mike Gockenbach,2025-06-26,,true
KB-16240,Karen Bern,2025-06-26,,true
JC-15340,Jasper Cacioppo,2025-06-26,,true
RL-19615,Rob Lucas,2025-06-26,,true
AA-10375,Allen Armold,2025-06-26,,true
EP-13915,Emily Phan,2025-06-26,,true
DK-12985,Darren Koutras,2025-06-26,,true
BD-11500,Bradley Drucker,2025-06-26,,true
LM-17065,Liz Mackendrick,2025-06-26,,true
AS-10135,Adrian Shami,2025-06-26,,true
BD-11320,Bill Donatelli,2025-06-26,,true
GT-14710,Greg Tran,2025-06-26,,true
AJ-10945,Ashley Jarboe,2025-06-26,,true
OT-18730,Olvera Toch,2025-06-26,,true
LP-17080,Liz Pelletier,2025-06-26,,true
CA-12775,Cynthia Arntzen,2025-06-26,,true
JF-15490,Jeremy Farry,2025-06-26,,true
FP-14320,Frank Preis,2025-06-26,,true
EB-13840,Ellis Ballard,2025-06-26,,true
JF-15415,Jennifer Ferguson,2025-06-26,,true
SF-20200,Sarah Foster,2025-06-26,,true
TG-21640,Trudy Glocke,2025-06-26,,true
CS-11950,Carlos Soltero,2025-06-26,,true
CC-12145,Charles Crestani,2025-06-26,,true
DV-13465,Dianna Vittorini,2025-06-26,,true
BD-11725,Bruce Degenhardt,2025-06-26,,true
ZC-21910,Zuschuss Carroll,2025-06-26,,true
MS-17830,Melanie Seite,2025-06-26,,true
LR-16915,Lena Radford,2025-06-26,,true
TP-21130,Theone Pippenger,2025-06-26,,true
CK-12205,Chloris Kastensmidt,2025-06-26,,true
AS-10240,Alan Shonely,2025-06-26,,true
AR-10510,Andrew Roberts,2025-06-26,,true
NB-18655,Nona Balk,2025-06-26,,true
GD-14590,Giulietta Dortch,2025-06-26,,true
CK-12595,Clytie Kelty,2025-06-26,,true
NG-18355,Nat Gilpin,2025-06-26,,true
CA-12265,Christina Anderson,2025-06-26,,true
SF-20965,Sylvia Foulston,2025-06-26,,true
MO-17800,Meg O'connel,2025-06-26,,true
AT-10735,Annie Thurman,2025-06-26,,true
FM-14380,Fred Mcmath,2025-06-26,,true
DJ-13420,Denny Joy,2025-06-26,,true
ME-17725,Max Engle,2025-06-26,,true
JD-16150,Justin Deggeller,2025-06-26,,true
JL-15835,John Lee,2025-06-26,,true
SC-20305,Sean Christensen,2025-06-26,,true
CC-12430,Chuck Clark,2025-06-26,,true
AR-10825,Anthony Rawles,2025-06-26,,true
SR-20740,Steven Roelle,2025-06-26,,true
CR-12730,Craig Reiter,2025-06-26,,true
EH-14125,Eugene Hildebrand,2025-06-26,,true
SP-20545,Sibella Parks,2025-06-26,,true
TH-21235,Tiffany House,2025-06-26,,true
RP-19390,Resi Pölking,2025-06-26,,true
RB-19570,Rob Beeghly,2025-06-26,,true
CD-11980,Carol Darley,2025-06-26,,true
DJ-13630,Doug Jacobs,2025-06-26,,true
GT-14635,Grant Thornton,2025-06-26,,true
MC-17845,Michael Chen,2025-06-26,,true
RA-19285,Ralph Arnett,2025-06-26,,true
NP-18325,Naresj Patel,2025-06-26,,true
AB-10165,Alan Barnes,2025-06-26,,true
JO-15550,Jesus Ocampo,2025-06-26,,true
JK-15370,Jay Kimmel,2025-06-26,,true
BN-11470,Brad Norvell,2025-06-26,,true
DP-13165,David Philippe,2025-06-26,,true
TH-21550,Tracy Hopkins,2025-06-26,,true
AP-10915,Arthur Prichep,2025-06-26,,true
RS-19765,Roland Schwarz,2025-06-26,,true
SV-20365,Seth Vernon,2025-06-26,,true
CK-12325,Christine Kargatis,2025-06-26,,true
RD-19810,Ross Devincentis,2025-06-26,,true
MR-17545,Mathew Reese,2025-06-26,,true
SC-20695,Steve Chapman,2025-06-26,,true
JF-15355,Jay Fein,2025-06-26,,true
EG-13900,Emily Grady,2025-06-26,,true
DS-13030,Darrin Sayre,2025-06-26,,true
PO-19195,Phillina Ober,2025-06-26,,true
SS-20875,Sung Shariari,2025-06-26,,true
PB-19105,Peter Bühler,2025-06-26,,true
RF-19735,Roland Fjeld,2025-06-26,,true
YC-21895,Yoseph Carroll,2025-06-26,,true
DC-13285,Debra Catini,2025-06-26,,true
CP-12340,Christine Phan,2025-06-26,,true
BF-11020,Barry Französisch,2025-06-26,,true
LH-17020,Lisa Hazard,2025-06-26,,true
CS-12250,Chris Selesnick,2025-06-26,,true
AJ-10795,Anthony Johnson,2025-06-26,,true
BV-11245,Benjamin Venier,2025-06-26,,true
DL-12865,Dan Lawera,2025-06-26,,true
BM-11785,Bryan Mills,2025-06-26,,true
LT-17110,Liz Thompson,2025-06-26,,true
JK-15730,Joe Kamberova,2025-06-26,,true
ES-14020,Erica Smith,2025-06-26,,true
RH-19495,Rick Hansen,2025-06-26,,true
CD-11920,Carlos Daly,2025-06-26,,true
HW-14935,Helen Wasserman,2025-06-26,,true
MC-18130,Mike Caudle,2025-06-26,,true
GM-14440,Gary Mcgarr,2025-06-26,,true
PJ-19015,Pauline Johnson,2025-06-26,,true
BW-11110,Bart Watters,2025-06-26,,true
TR-21325,Toby Ritter,2025-06-26,,true
PG-18820,Patrick Gardner,2025-06-26,,true
JL-15175,James Lanier,2025-06-26,,true
BM-11650,Brian Moss,2025-06-26,,true
EM-14095,Eudokia Martin,2025-06-26,,true
AF-10885,Art Foster,2025-06-26,,true
GA-14725,Guy Armstrong,2025-06-26,,true
CK-12760,Cyma Kinney,2025-06-26,,true
DP-13105,Dave Poirier,2025-06-26,,true
BK-11260,Berenike Kampe,2025-06-26,,true
SJ-20125,Sanjit Jacobs,2025-06-26,,true
CM-12445,Chuck Magee,2025-06-26,,true
AJ-10780,Anthony Jacobs,2025-06-26,,true
LS-16945,Linda Southworth,2025-06-26,,true
GP-14740,Guy Phonely,2025-06-26,,true
PK-18910,Paul Knutson,2025-06-26,,true
SM-20005,Sally Matthias,2025-06-26,,true
AG-10765,Anthony Garverick,2025-06-26,,true
PM-19135,Peter Mcvee,2025-06-26,,true
LL-16840,Lauren Leatherbury,2025-06-26,,true
JS-15595,Jill Stevenson,2025-06-26,,true
EL-13735,Ed Ludwig,2025-06-26,,true
PC-18745,Pamela Coakley,2025-06-26,,true
HL-15040,Hunter Lopez,2025-06-26,,true
MS-17365,Maribeth Schnelling,2025-06-26,,true
GB-14530,George Bell,2025-06-26,,true
JR-16210,Justin Ritter,2025-06-26,,true
BE-11335,Bill Eplett,2025-06-26,,true
SC-20050,Sample Company A,2025-06-26,,true
RW-19630,Rob Williams,2025-06-26,,true
SE-20110,Sanjit Engle,2025-06-26,,true
AH-10075,Adam Hart,2025-06-26,,true
JM-15535,Jessica Myrick,2025-06-26,,true
JJ-15760,Joel Jenkins,2025-06-26,,true
RK-19300,Ralph Kennedy,2025-06-26,,true
CG-12040,Catherine Glotzbach,2025-06-26,,true
RP-19270,Rachel Payne,2025-06-26,,true
KC-16255,Karen Carlisle,2025-06-26,,true
KH-16360,Katherine Hughes,2025-06-26,,true
GH-14665,Greg Hansen,2025-06-26,,true
SW-20275,Scott Williamson,2025-06-26,,true
JA-15970,Joseph Airdo,2025-06-26,,true
DL-12925,Daniel Lacy,2025-06-26,,true
LW-16990,Lindsay Williams,2025-06-26,,true
TB-21190,Thomas Brumley,2025-06-26,,true
BS-11800,Bryan Spruell,2025-06-26,,true
RW-19690,Robert Waldorf,2025-06-26,,true
TZ-21580,Tracy Zic,2025-06-26,,true
AS-10630,Ann Steele,2025-06-26,,true
TS-21340,Toby Swindell,2025-06-26,,true
SL-20155,Sara Luxemburg,2025-06-26,,true
MW-18235,Mitch Willingham,2025-06-26,,true
RD-19585,Rob Dowd,2025-06-26,,true
RA-19945,Ryan Akin,2025-06-26,,true
MT-17815,Meg Tillman,2025-06-26,,true
VG-21790,Vivek Gonzalez,2025-06-26,,true
JS-15880,John Stevenson,2025-06-26,,true
KM-16225,Kalyca Meade,2025-06-26,,true
HR-14770,Hallie Redmond,2025-06-26,,true
DE-13255,Deanra Eno,2025-06-26,,true
AG-10390,Allen Goldenen,2025-06-26,,true
JJ-15445,Jennifer Jackson,2025-06-26,,true
JH-15430,Jennifer Halladay,2025-06-26,,true
RD-19660,Robert Dilbeck,2025-06-26,,true
MO-17500,Mary O'rourke,2025-06-26,,true
NS-18640,Noel Staavos,2025-06-26,,true
DG-13300,Deirdre Greer,2025-06-26,,true
NF-18595,Nicole Fjeld,2025-06-26,,true
MG-17650,Matthew Grinstein,2025-06-26,,true
TS-21160,Theresa Swint,2025-06-26,,true
BD-11620,Brian Decherney,2025-06-26,,true
CM-12160,Charles Mccrossin,2025-06-26,,true
SN-20560,Skye Norling,2025-06-26,,true
EH-14005,Erica Hernandez,2025-06-26,,true
FO-14305,Frank Olsen,2025-06-26,,true
MS-17710,Maurice Satty,2025-06-26,,true
CC-12100,Chad Cunningham,2025-06-26,,true
DW-13540,Don Weiss,2025-06-26,,true
BT-11395,Bill Tyler,2025-06-26,,true
CY-12745,Craig Yedwab,2025-06-26,,true
BT-11485,Brad Thomas,2025-06-26,,true
PS-19045,Penelope Sewall,2025-06-26,,true
PV-18985,Paul Van Hugh,2025-06-26,,true
NM-18520,Neoma Murray,2025-06-26,,true
DL-13495,Dionis Lloyd,2025-06-26,,true
CS-12355,Christine Sundaresam,2025-06-26,,true
FH-14275,Frank Hawley,2025-06-26,,true
NC-18340,Nat Carroll,2025-06-26,,true
AA-10315,Alex Avila,2025-06-26,,true
LT-16765,Larry Tron,2025-06-26,,true
AP-10720,Anne Pryor,2025-06-26,,true
PM-18940,Paul Macintyre,2025-06-26,,true
AT-10435,Alyssa Tate,2025-06-26,,true
CA-12055,Cathy Armstrong,2025-06-26,,true
HR-14830,Harold Ryan,2025-06-26,,true
BT-11530,Bradley Talbott,2025-06-26,,true
LH-16750,Larry Hughes,2025-06-26,,true
SW-20755,Steven Ward,2025-06-26,,true
SP-20620,Stefania Perrino,2025-06-26,,true
BF-11170,Ben Ferrer,2025-06-26,,true
KT-16480,Kean Thornton,2025-06-26,,true
BG-11695,Brooke Gillingham,2025-06-26,,true
GM-14680,Greg Matthias,2025-06-26,,true
EJ-14155,Eva Jacobs,2025-06-26,,true
NP-18700,Nora Preis,2025-06-26,,true
MH-18115,Mick Hernandez,2025-06-26,,true
JR-15700,Jocasta Rupert,2025-06-26,,true
SM-20950,Suzanne Mcnair,2025-06-26,,true
CC-12220,Chris Cortes,2025-06-26,,true
PF-19225,Phillip Flathmann,2025-06-26,,true
DC-12850,Dan Campbell,2025-06-26,,true
BD-11770,Bryan Davis,2025-06-26,,true
GM-14500,Gene Mcclure,2025-06-26,,true
TB-21355,Todd Boyes,2025-06-26,,true
JH-16180,Justin Hirsh,2025-06-26,,true
EB-13975,Erica Bern,2025-06-26,,true
QJ-19255,Quincy Jones,2025-06-26,,true
TC-21535,Tracy Collins,2025-06-26,,true
CS-12460,Chuck Sachs,2025-06-26,,true
HG-14965,Henry Goldwyn,2025-06-26,,true
LW-16825,Laurel Workman,2025-06-26,,true
MC-17575,Matt Collins,2025-06-26,,true
LP-17095,Liz Preis,2025-06-26,,true
EB-14170,Evan Bailliet,2025-06-26,,true
GZ-14545,George Zrebassa,2025-06-26,,true
CP-12085,Cathy Prescott,2025-06-26,,true
FG-14260,Frank Gastineau,2025-06-26,,true
LD-17005,Lisa Decherney,2025-06-26,,true
AB-10255,Alejandro Ballentine,2025-06-26,,true
MN-17935,Michael Nguyen,2025-06-26,,true
JR-15670,Jim Radford,2025-06-26,,true
JF-15190,Jamie Frazer,2025-06-26,,true
CM-12115,Chad Mcguire,2025-06-26,,true
AS-10045,Aaron Smayling,2025-06-26,,true
BP-11290,Beth Paige,2025-06-26,,true
ND-18370,Natalie Decherney,2025-06-26,,true
LB-16735,Larry Blacks,2025-06-26,,true
KT-16465,Kean Takahito,2025-06-26,,true
HM-14860,Harry Marie,2025-06-26,,true
AB-10600,Ann Blume,2025-06-26,,true
SZ-20035,Sam Zeldin,2025-06-26,,true
MG-17890,Michael Granlund,2025-06-26,,true
JK-16120,Julie Kriz,2025-06-26,,true
PP-18955,Paul Prost,2025-06-26,,true
YS-21880,Yana Sorensen,2025-06-26,,true
KM-16375,Katherine Murray,2025-06-26,,true
AB-10105,Adrian Barton,2025-06-26,,true
HA-14905,Helen Abelman,2025-06-26,,true
BT-11305,Beth Thompson,2025-06-26,,true
SV-20815,Stuart Van,2025-06-26,,true
RW-19540,Rick Wilson,2025-06-26,,true
DK-12835,Damala Kotsonis,2025-06-26,,true
ST-20530,Shui Tom,2025-06-26,,true
MM-17920,Michael Moore,2025-06-26,,true
PW-19030,Pauline Webber,2025-06-26,,true
SC-20440,Shaun Chance,2025-06-26,,true
TS-21085,Thais Sissman,2025-06-26,,true
MC-17425,Mark Cousins,2025-06-26,,true
ME-17320,Maria Etezadi,2025-06-26,,true
NH-18610,Nicole Hansen,2025-06-26,,true
MB-18085,Mick Brown,2025-06-26,,true
KD-16495,Keith Dawkins,2025-06-26,,true
KN-16390,Katherine Nockton,2025-06-26,,true
NP-18685,Nora Pelletier,2025-06-26,,true
CS-12505,Cindy Stewart,2025-06-26,,true
MS-17770,Maxwell Schwartz,2025-06-26,,true
CM-12655,Corinna Mitchell,2025-06-26,,true
Co-12640,Corey-Lock,2025-06-26,,true
TS-21370,Todd Sumrall,2025-06-26,,true
JW-15220,Jane Waco,2025-06-26,,true
JD-15790,John Dryer,2025-06-26,,true
PC-19000,Pauline Chand,2025-06-26,,true
AR-10540,Andy Reiter,2025-06-26,,true
AI-10855,Arianne Irving,2025-06-26,,true
TB-21400,Tom Boeckenhauer,2025-06-26,,true
PL-18925,Paul Lucas,2025-06-26,,true
GH-14425,Gary Hwang,2025-06-26,,true
MP-18175,Mike Pelletier,2025-06-26,,true
JM-15655,Jim Mitchum,2025-06-26,,true
CL-11890,Carl Ludwig,2025-06-26,,true
DB-13270,Deborah Brumfield,2025-06-26,,true
IG-15085,Ivan Gibson,2025-06-26,,true
BO-11425,Bobby Odegard,2025-06-26,,true
AB-10150,Aimee Bixby,2025-06-26,,true
JW-16075,Julia West,2025-06-26,,true
EB-13750,Edward Becker,2025-06-26,,true
SG-20470,Sheri Gordon,2025-06-26,,true
CM-12190,Charlotte Melton,2025-06-26,,true
AW-10840,Anthony Witt,2025-06-26,,true
MC-18100,Mick Crebagga,2025-06-26,,true
TT-21460,Tonja Turnell,2025-06-26,,true
VG-21805,Vivek Grady,2025-06-26,,true
MY-18295,Muhammed Yedwab,2025-06-26,,true
RD-19480,Rick Duston,2025-06-26,,true
DP-13390,Dennis Pardue,2025-06-26,,true
ML-17395,Marina Lichtenstein,2025-06-26,,true
JC-15385,Jenna Caffey,2025-06-26,,true
JG-15160,James Galang,2025-06-26,,true
MC-17275,Marc Crier,2025-06-26,,true
NW-18400,Natalie Webber,2025-06-26,,true
TB-21280,Toby Braunhardt,2025-06-26,,true
BS-11380,Bill Stewart,2025-06-26,,true
HH-15010,Hilary Holden,2025-06-26,,true
CD-12280,Christina Demoss,2025-06-26,,true
TH-21100,Thea Hendricks,2025-06-26,,true
MM-18055,Michelle Moray,2025-06-26,,true
NS-18505,Neola Schneider,2025-06-26,,true
RB-19645,Robert Barroso,2025-06-26,,true
SW-20455,Shaun Weien,2025-06-26,,true
EB-13930,Eric Barreto,2025-06-26,,true
PS-18760,Pamela Stobb,2025-06-26,,true
HF-14995,Herbert Flentye,2025-06-26,,true
HZ-14950,Henia Zydlo,2025-06-26,,true
CD-12790,Cynthia Delaney,2025-06-26,,true
JK-15205,Jamie Kunitz,2025-06-26,,true
FM-14215,Filia Mcadams,2025-06-26,,true
ED-13885,Emily Ducich,2025-06-26,,true
DA-13450,Dianna Arnett,2025-06-26,,true
JW-15955,Joni Wasserman,2025-06-26,,true
RM-19375,Raymond Messe,2025-06-26,,true
ML-17755,Max Ludwig,2025-06-26,,true
CC-12685,Craig Carroll,2025-06-26,,true
JE-15610,Jim Epp,2025-06-26,,true
RP-19855,Roy Phan,2025-06-26,,true
TB-21175,Thomas Boland,2025-06-26,,true
BE-11455,Brad Eason,2025-06-26,,true
JF-15565,Jill Fjeld,2025-06-26,,true
PB-19210,Phillip Breyer,2025-06-26,,true
BT-11680,Brian Thompson,2025-06-26,,true
JL-15235,Janet Lee,2025-06-26,,true
CH-12070,Cathy Hwang,2025-06-26,,true
ND-18460,Neil Ducich,2025-06-26,,true
BF-10975,Barbara Fisher,2025-06-26,,true
KH-16330,Katharine Harms,2025-06-26,,true
GW-14605,Giulietta Weimer,2025-06-26,,true
NC-18625,Noah Childs,2025-06-26,,true
ME-18010,Michelle Ellison,2025-06-26,,true
BP-11230,Benjamin Patterson,2025-06-26,,true
JC-15775,John Castell,2025-06-26,,true
AS-10090,Adam Shillingsburg,2025-06-26,,true
AC-10450,Amy Cox,2025-06-26,,true
MD-17860,Michael Dominguez,2025-06-26,,true
DB-13660,Duane Benoit,2025-06-26,,true
EH-13990,Erica Hackney,2025-06-26,,true
EH-13765,Edward Hooks,2025-06-26,,true
SC-20230,Scot Coram,2025-06-26,,true
JE-15715,Joe Elijah,2025-06-26,,true
AC-10615,Ann Chong,2025-06-26,,true
JD-16015,Joy Daniels,2025-06-26,,true
CB-12415,Christy Brittain,2025-06-26,,true
JS-16030,Joy Smith,2025-06-26,,true
LW-17215,Luke Weiss,2025-06-26,,true
SC-20800,Stuart Calhoun,2025-06-26,,true
AM-10705,Anne Mcfarland,2025-06-26,,true
RH-19510,Rick Huthwaite,2025-06-26,,true
CT-11995,Carol Triggs,2025-06-26,,true
MC-17590,Matt Collister,2025-06-26,,true
CC-12610,Corey Catlett,2025-06-26,,true
KA-16525,Kelly Andreada,2025-06-26,,true
TC-20980,Tamara Chand,2025-06-26,,true
BF-11080,Bart Folk,2025-06-26,,true
MM-17260,Magdelene Morse,2025-06-26,,true
AH-10120,Adrian Hane,2025-06-26,,true
BW-11200,Ben Wallace,2025-06-26,,true
SW-20245,Scot Wooten,2025-06-26,,true
BS-11665,Brian Stugart,2025-06-26,,true
RF-19345,Randy Ferguson,2025-06-26,,true
WB-21850,William Brown,2025-06-26,,true
TB-21625,Trudy Brown,2025-06-26,,true
AF-10870,Art Ferguson,2025-06-26,,true
RB-19435,Richard Bierner,2025-06-26,,true
KF-16285,Karen Ferguson,2025-06-26,,true
JH-15820,John Huston,2025-06-26,,true
IL-15100,Ivan Liston,2025-06-26,,true
PB-18805,Patrick Bzostek,2025-06-26,,true
RH-19600,Rob Haberlin,2025-06-26,,true
AW-10930,Arthur Wiediger,2025-06-26,,true
ML-17410,Maris Laware,2025-06-26,,true
DB-13555,Dorothy Badders,2025-06-26,,true
MH-17620,Matt Hagelstein,2025-06-26,,true
DK-13375,Dennis Kane,2025-06-26,,true
BT-11440,Bobby Trafton,2025-06-26,,true
DB-13405,Denny Blanton,2025-06-26,,true
TG-21310,Toby Gnade,2025-06-26,,true
BF-11005,Barry Franz,2025-06-26,,true
JM-16195,Justin Mackendrick,2025-06-26,,true
MZ-17335,Maria Zettner,2025-06-26,,true
MW-18220,Mitch Webber,2025-06-26,,true
MV-17485,Mark Van Huff,2025-06-26,,true
SM-20320,Sean Miller,2025-06-26,,true
TP-21415,Tom Prescott,2025-06-26,,true
JK-15625,Jim Karlsson,2025-06-26,,true
PJ-18835,Patrick Jones,2025-06-26,,true
RS-19420,Ricardo Sperren,2025-06-26,,true
SV-20935,Susan Vittorini,2025-06-26,,true
BC-11125,Becky Castell,2025-06-26,,true
EM-13825,Elizabeth Moffitt,2025-06-26,,true
BM-11575,Brendan Murry,2025-06-26,,true
KN-16705,Kristina Nunn,2025-06-26,,true
KW-16570,Kelly Williams,2025-06-26,,true
SC-20260,Scott Cohen,2025-06-26,,true
CV-12295,Christina Vanderzanden,2025-06-26,,true
SG-20605,Speros Goranitis,2025-06-26,,true
TM-21010,Tamara Manning,2025-06-26,,true
EM-13810,Eleni Mccrary,2025-06-26,,true
ML-18040,Michelle Lonsdale,2025-06-26,,true
CR-12580,Clay Rozendal,2025-06-26,,true
AZ-10750,Annie Zypern,2025-06-26,,true
PW-19240,Pierre Wener,2025-06-26,,true
SC-20380,Shahid Collister,2025-06-26,,true
CM-11935,Carlos Meador,2025-06-26,,true
GM-14695,Greg Maxwell,2025-06-26,,true
TB-21250,Tim Brockman,2025-06-26,,true
JM-15865,John Murray,2025-06-26,,true
SC-20575,Sonia Cooley,2025-06-26,,true
LS-17200,Luke Schmidt,2025-06-26,,true
RR-19315,Ralph Ritter,2025-06-26,,true
DB-12910,Daniel Byrd,2025-06-26,,true
TT-21220,Thomas Thornton,2025-06-26,,true
LO-17170,Lori Olson,2025-06-26,,true
KD-16615,Ken Dana,2025-06-26,,true
NB-18580,Nicole Brennan,2025-06-26,,true
BD-11635,Brian Derr,2025-06-26,,true
CM-12235,Chris Mcafee,2025-06-26,,true
EN-13780,Edward Nazzal,2025-06-26,,true
KN-16450,Kean Nguyen,2025-06-26,,true
BO-11350,Bill Overfelt,2025-06-26,,true
AG-10300,Aleksandra Gannaway,2025-06-26,,true
MC-17635,Matthew Clasen,2025-06-26,,true
TA-21385,Tom Ashbrook,2025-06-26,,true
JF-15295,Jason Fortune-,2025-06-26,,true
TT-21265,Tim Taslimi,2025-06-26,,true
SB-20170,Sarah Bern,2025-06-26,,true
CL-12700,Craig Leslie,2025-06-26,,true
HG-15025,Hunter Glantz,2025-06-26,,true
NL-18310,Nancy Lomonaco,2025-06-26,,true
RR-19525,Rick Reed,2025-06-26,,true
TC-21295,Toby Carlisle,2025-06-26,,true
SV-20785,Stewart Visinsky,2025-06-26,,true
BE-11410,Bobby Elias,2025-06-26,,true
SC-20680,Steve Carroll,2025-06-26,,true
DF-13135,David Flashing,2025-06-26,,true
FH-14350,Fred Harton,2025-06-26,,true
MS-17530,Marybeth Skach,2025-06-26,,true
RH-19555,Ritsa Hightower,2025-06-26,,true
GA-14515,George Ashbrook,2025-06-26,,true
JP-16135,Julie Prescott,2025-06-26,,true
Dp-13240,Dean Percer,2025-06-26,,true
MO-17950,Michael Oakman,2025-06-26,,true
DL-13330,Denise Leinenbach,2025-06-26,,true
MH-18025,Michelle Huthwaite,2025-06-26,,true
DR-12940,Daniel Raglin,2025-06-26,,true
DM-13015,Darrin Martin,2025-06-26,,true
CA-11965,Carol Adams,2025-06-26,,true
AC-10660,Anna Chung,2025-06-26,,true
DM-13345,Denise Monton,2025-06-26,,true
VF-21715,Vicky Freymann,2025-06-26,,true
CC-12370,Christopher Conant,2025-06-26,,true
BF-11275,Beth Fritzler,2025-06-26,,true
HG-14845,Harry Greene,2025-06-26,,true
BP-11155,Becky Pak,2025-06-26,,true
EM-14140,Eugene Moren,2025-06-26,,true
MA-17995,Michelle Arnett,2025-06-26,,true
AY-10555,Andy Yotov,2025-06-26,,true
GB-14575,Giulietta Baptist,2025-06-26,,true
JB-16045,Julia Barnett,2025-06-26,,true
MG-17875,Michael Grace,2025-06-26,,true
SR-20425,Sharelle Roach,2025-06-26,,true
JB-16000,Joy Bell-,2025-06-26,,true
DM-12955,Dario Medina,2025-06-26,,true
TC-21475,Tony Chapman,2025-06-26,,true
SW-20350,Sean Wendt,2025-06-26,,true
RE-19450,Richard Eichhorn,2025-06-26,,true
BF-11215,Benjamin Farhat,2025-06-26,,true
KB-16405,Katrina Bavinger,2025-06-26,,true
JG-15310,Jason Gross,2025-06-26,,true
EC-14050,Erin Creighton,2025-06-26,,true
EB-14110,Eugene Barchas,2025-06-26,,true
JP-15460,Jennifer Patt,2025-06-26,,true
CS-11845,Cari Sayre,2025-06-26,,true
GH-14410,Gary Hansen,2025-06-26,,true
PT-19090,Pete Takahito,2025-06-26,,true
JL-15130,Jack Lebron,2025-06-26,,true
AH-10030,Aaron Hawkins,2025-06-26,,true
CC-12475,Cindy Chapman,2025-06-26,,true
DW-13195,David Wiener,2025-06-26,,true
SJ-20215,Sarah Jordon,2025-06-26,,true
BG-11740,Bruce Geld,2025-06-26,,true
LB-16795,Laurel Beltran,2025-06-26,,true
CM-11815,Candace Mcmahon,2025-06-26,,true
EH-14185,Evan Henry,2025-06-26,,true
TS-21505,Tony Sayre,2025-06-26,,true
PR-18880,Patrick Ryan,2025-06-26,,true
LC-17050,Liz Carlisle,2025-06-26,,true
CS-12490,Cindy Schnelling,2025-06-26,,true
DH-13075,Dave Hallsten,2025-06-26,,true
JO-15145,Jack O'briant,2025-06-26,,true
AH-10690,Anna Häberlin,2025-06-26,,true
HJ-14875,Heather Jas,2025-06-26,,true
MH-17455,Mark Hamilton,2025-06-26,,true
RD-19930,Russell D'ascenzo,2025-06-26,,true
SC-20020,Sam Craven,2025-06-26,,true
SU-20665,Stephanie Ulpright,2025-06-26,,true
FC-14335,Fred Chung,2025-06-26,,true
RB-19330,Randy Bradley,2025-06-26,,true
NC-18535,Nick Crebassa,2025-06-26,,true
DB-12970,Darren Budd,2025-06-26,,true
MF-17665,Maureen Fritzler,2025-06-26,,true
RM-19750,Roland Murray,2025-06-26,,true
VM-21835,Vivian Mathis,2025-06-26,,true
EJ-13720,Ed Jacobs,2025-06-26,,true
NC-18415,Nathan Cano,2025-06-26,,true
LS-17230,Lycoris Saunders,2025-06-26,,true
KE-16420,Katrina Edelman,2025-06-26,,true
DH-13675,Duane Huffman,2025-06-26,,true
PF-19120,Peter Fuller,2025-06-26,,true
VT-21700,Valerie Takahito,2025-06-26,,true
MG-17695,Maureen Gnade,2025-06-26,,true
SP-20920,Susan Pistek,2025-06-26,,true
CS-12175,Charles Sheldon,2025-06-26,,true
DK-12895,Dana Kaydos,2025-06-26,,true
KM-16660,Khloe Miller,2025-06-26,,true
AA-10645,Anna Andreadi,2025-06-26,,true
DD-13570,Dorothy Dickinson,2025-06-26,,true
AH-10465,Amy Hunt,2025-06-26,,true
TP-21565,Tracy Poddar,2025-06-26,,true
EK-13795,Eileen Kiefer,2025-06-26,,true
CR-12820,Cyra Reiten,2025-06-26,,true
SG-20890,Susan Gilcrest,2025-06-26,,true
AH-10585,Angele Hood,2025-06-26,,true
NF-18475,Neil Französisch,2025-06-26,,true
BS-11365,Bill Shonely,2025-06-26,,true
SH-20635,Stefanie Holloman,2025-06-26,,true
RD-19720,Roger Demir,2025-06-26,,true
AG-10330,Alex Grayson,2025-06-26,,true
GR-14560,Georgia Rosenberg,2025-06-26,,true
VS-21820,Vivek Sundaresam,2025-06-26,,true
TM-21490,Tony Molinari,2025-06-26,,true
TS-21430,Tom Stivers,2025-06-26,,true
DB-13360,Dennis Bolton,2025-06-26,,true
NR-18550,Nick Radford,2025-06-26,,true
CS-11860,Cari Schnelling,2025-06-26,,true
MF-18250,Monica Federle,2025-06-26,,true
LW-17125,Liz Willingham,2025-06-26,,true
AR-10345,Alex Russell,2025-06-26,,true
KS-16300,Karen Seio,2025-06-26,,true
AB-10015,Aaron Bergman,2025-06-26,,true
LR-17035,Lisa Ryan,2025-06-26,,true
SS-20410,Shahid Shariari,2025-06-26,,true
JM-15580,Jill Matthias,2025-06-26,,true
JK-15325,Jason Klamczynski,2025-06-26,,true
DM-13525,Don Miller,2025-06-26,,true
ML-18265,Muhammed Lee,2025-06-26,,true
MH-17290,Marc Harrigan,2025-06-26,,true
FC-14245,Frank Carlisle,2025-06-26,,true
TH-21115,Thea Hudgings,2025-06-26,,true
JK-16090,Juliana Krohn,2025-06-26,,true
SB-20185,Sarah Brown,2025-06-26,,true
BG-11035,Barry Gonzalez,2025-06-26,,true
BW-11065,Barry Weirich,2025-06-26,,true
MG-18205,Mitch Gastineau,2025-06-26,,true
DO-13645,Doug O'connell,2025-06-26,,true
BP-11050,Barry Pond,2025-06-26,,true
TS-21655,Trudy Schmidt,2025-06-26,,true
EM-14200,Evan Minnotte,2025-06-26,,true
AO-10810,Anthony O'donnell,2025-06-26,,true
MH-17440,Mark Haberlin,2025-06-26,,true
SS-20515,Shirley Schmidt,2025-06-26,,true
LD-16855,Lela Donovan,2025-06-26,,true
VP-21760,Victoria Pisteka,2025-06-26,,true
TC-21145,Theresa Coyne,2025-06-26,,true
IM-15055,Ionia Mcgrath,2025-06-26,,true
AR-10570,Anemone Ratner,2025-06-26,,true
CM-12715,Craig Molinari,2025-06-26,,true
FW-14395,Fred Wasserman,2025-06-26,,true
LC-16960,Lindsay Castell,2025-06-26,,true
HE-14800,Harold Engle,2025-06-26,,true
BD-11560,Brendan Dodson,2025-06-26,,true
HD-14785,Harold Dahlen,2025-06-26,,true
CJ-11875,Carl Jackson,2025-06-26,,true
RS-19870,Roy Skaria,2025-06-26,,true
SC-20845,Sung Chung,2025-06-26,,true
RE-19405,Ricardo Emerson,2025-06-26,,true
SM-20905,Susan Mackendrick,2025-06-26,,true
